{"cameraMode":{"drawMode":0,"name":"Shaded","section":"Shading Mode"},"sceneLighting":true,"audioPlay":false,"sceneViewState":{"m_AlwaysRefresh":false,"showFog":true,"showSkybox":true,"showFlares":true,"showImageEffects":true,"showParticleSystems":true,"showVisualEffectGraphs":true,"m_FxEnabled":true},"in2DMode":false,"pivot":{"x":-0.17078307271003724,"y":-2.6866652965545656,"z":10.129865646362305},"rotation":{"x":0.23947253823280335,"y":0.0058122179470956329,"z":-0.0014531255001202226,"w":0.9709630012512207},"size":10.68521785736084,"orthographic":false}